a few,a few,DT JJ,1402,0.0002513,0.027098,4383.3,38.316,5.3659
a lot,a lot,DT NN,313,5.2477e-05,0.0057359,827.14,17.419,5.093
a number,a number,DT NN,83,1.3527e-05,0.0014818,149.13,8.5727,4.0824
a well,a well,DT NN,31,5.0521e-06,0.00055339,28.934,4.6518,2.6038
a well,a well,DT RB,6,9.7783e-07,0.00010034,105.13,-55.83,-4.5724
about to,about to,IN TO,237,3.8624e-05,0.0032932,2.7368,1.4504,0.14276
about to,about to,RB TO,100,1.6297e-05,0.0014809,72.884,7.9346,2.2755
above all,above all,IN DT,74,1.2712e-05,0.0074623,160.91,8.4956,4.7157
above all,above all,IN PDT,14,2.2816e-06,0.0034385,21.826,3.4547,3.7047
above all,above all,IN RB,2,3.2594e-07,0.0035273,7.1625,1.3908,5.9167
against all odds,against all odds,IN DT NNS,1,1.6297e-07,0.00013792,0.0,0.99997,14.971
agree with,agree with,JJ IN,4,6.5189e-07,0.00020284,17.106,1.9839,6.9598
agree with,agree with,VB IN,26,4.2373e-06,0.0013151,64.413,4.9629,5.2273
agree with,agree with,VBP IN,24,3.9113e-06,0.0012158,78.801,4.8373,6.3121
all alone,all alone,DT RB,177,2.9498e-05,0.016682,405.76,13.04,5.025
all alone,all alone,RB RB,1,1.6297e-07,0.0010368,3.3396,0.938,4.0116
all at once,all at once,DT IN IN,1,1.6297e-07,5.9947e-05,0.0,0.99963,11.413
all at once,all at once,DT IN RB,140,2.9335e-05,0.0098946,0.0,13.411,11.275
all at once,all at once,RB IN RB,1,1.6297e-07,8.6197e-05,0.0,0.99919,10.27
all at once,all at once,VB IN RB,1,1.6297e-07,8.6698e-05,0.0,0.99992,13.611
all kind of,all kind of,DT NN IN,1,1.6297e-07,2.3435e-05,0.0,0.89199,3.2107
all of,all of,DT IN,343,6.2418e-05,0.0060746,3.4585,1.9041,0.14768
all of,all of,RB IN,1,1.6297e-07,1.881e-05,3.0618,-2.8561,-1.9471
all of,all of,VB IN,1,1.6297e-07,1.8846e-05,2.0463,0.61958,1.3943
all the same,all the same,DT DT JJ,1,1.6297e-07,1.0211e-05,0.0,0.68828,1.6817
all the same,all the same,PDT DT JJ,75,1.3853e-05,0.00090738,0.0,9.2073,9.5582
all the,all the,DT DT,76,1.2386e-05,0.00052121,558.24,-92.812,-3.5418
all the,all the,PDT DT,5145,0.00090303,0.039739,11702.0,70.137,4.1133
all the,all the,RB DT,2,3.2594e-07,1.4713e-05,5.9261,-5.5664,-2.3033
all the,all the,VB DT,7,1.3038e-06,5.8897e-05,11.425,2.4841,3.0381
and all,and all,CC DT,832,0.00014309,0.0080602,35.977,7.8721,0.4455
and all,and all,CC PDT,589,0.00011001,0.0065822,253.93,17.005,1.5333
and all,and all,CC RB,1,1.6297e-07,1.0096e-05,5.4775,-6.191,-2.8462
and how,and how,CC WRB,638,0.00012321,0.007348,295.69,18.228,1.5689
answer to,answer to,JJR TO,2,3.2594e-07,2.9824e-05,4.186,1.2597,3.1939
answer to,answer to,NN TO,66,1.0756e-05,0.00098018,54.106,6.6202,2.4335
answer to,answer to,VB TO,8,1.3038e-06,0.00011901,1.7661,0.2475,0.13211
answer to,answer to,VBP TO,1,1.6297e-07,1.4912e-05,2.3393,0.75958,2.0564
answer to,answer to,VBZ TO,1,3.2594e-07,2.9823e-05,3.5123,1.1824,2.6089
any day,any day,DT NN,21,3.5854e-06,0.0032971,10.157,3.1437,1.6005
anything but,anything but,NN CC,161,2.6238e-05,0.0076738,184.5,11.238,3.1287
apart from,apart from,NN IN,4,6.5189e-07,0.0005416,13.844,1.9748,6.3081
apart from,apart from,RB IN,34,7.0078e-06,0.0057695,147.49,6.5003,6.8413
apple tree,apple tree,NN NN,46,7.4967e-06,0.039792,205.26,6.7657,8.673
apple tree,apple tree,NN VBP,2,3.2594e-07,0.011019,14.357,1.4138,11.763
ask of,ask of,NN IN,1,1.6297e-07,1.8844e-05,1.8927,0.48124,0.94686
ask of,ask of,VB IN,21,3.4224e-06,0.00039086,1.8448,-0.51154,-0.15267
ask of,ask of,VBP IN,7,1.1408e-06,0.0001317,2.976,1.3386,1.0173
at all,at all,IN DT,1580,0.00026141,0.064133,2674.7,37.607,4.0351
at all,at all,IN PDT,64,1.0593e-05,0.0034891,10.408,3.6726,0.87709
at all,at all,IN RB,3,4.8892e-07,0.00019835,2.7216,1.102,1.459
at first glance,at first glance,IN JJ NN,3,8.1486e-07,0.00044417,0.0,2.2356,12.24
at first,at first,IN JJ,351,8.6864e-05,0.031931,1204.3,22.375,5.0195
at first,at first,IN NN,1,1.6297e-07,6.66e-05,4.7079,0.98532,6.0899
at first,at first,IN RB,40,2.7216e-05,0.010648,340.98,12.415,4.6695
at heart,at heart,IN NN,47,7.8226e-06,0.0028642,18.097,4.4631,1.4909
at home,at home,IN NN,652,0.00010707,0.037332,1352.5,24.645,4.6984
at last,at last,IN JJ,1543,0.00034892,0.12255,7050.7,45.751,6.4766
at least,at least,IN JJS,717,0.00014097,0.055071,3213.9,29.18,6.9937
at least,at least,IN NN,1,1.6297e-07,6.66e-05,4.7079,0.98532,6.0899
at once,at once,IN IN,3,4.8892e-07,0.00019967,7.9492,1.6671,4.7363
at once,at once,IN RB,1736,0.00028781,0.10214,5577.6,41.494,6.3083
at random,at random,IN NN,12,1.9557e-06,0.00079896,57.188,3.4471,7.6749
at that,at that,IN DT,392,7.7249e-05,0.019965,375.77,17.848,2.4723
at that,at that,IN IN,9,1.4667e-06,0.000261,136.42,-60.517,-4.4041
at the moment,at the moment,IN DT NN,43,7.9856e-06,0.00048367,0.0,6.93,6.6431
at the other,at the other,IN DT JJ,80,1.3527e-05,0.00080894,0.0,8.9643,5.9618
at the same time,at the same time,IN DT JJ NN,177,3.4224e-05,0.0026813,0.0,14.491,18.152
at the time,at the time,IN DT NN,88,1.5645e-05,0.0009257,0.0,9.589,5.5509
back up,back up,NN RB,1,1.6297e-07,0.00044111,1.836,0.40421,0.74713
back up,back up,NN RP,1,1.6297e-07,0.00013729,2.1492,-1.3112,-1.2086
back up,back up,RB IN,8,1.3038e-06,0.0024638,11.138,2.5281,3.2356
back up,back up,RB RP,3,4.8892e-07,0.00031455,6.1091,-5.3353,-2.0287
back up,back up,RP IN,2,3.2594e-07,0.0024184,5.1461,1.3368,4.1916
back up,back up,RP RP,3,4.8892e-07,0.0004215,2.1778,0.82128,0.92732
back up,back up,VB RP,2,3.2594e-07,0.00029525,6.0955,1.369,4.9682
bad luck,bad luck,JJ NN,20,3.2594e-06,0.022989,83.81,4.4569,8.193
base on,base on,VBN IN,1,1.6297e-07,6.6443e-05,5.156,0.99019,6.6714
be a man,be a man,VBP DT NN,14,4.0743e-06,0.00055154,0.0,4.9219,6.0001
be a man,be a man,VBZ DT NN,49,8.1486e-06,0.0010087,0.0,6.9719,6.1562
be about,be about,VB IN,11,1.7927e-06,0.00060211,16.416,-9.5774,-1.9589
be about,be about,VB RB,6,9.7783e-07,0.00043382,2.0672,0.76976,0.54425
be at,be at,VBD IN,130,9.0286e-05,0.0091054,11.966,4.4806,0.30465
be at,be at,VBZ IN,95,1.5482e-05,0.0032342,9.0422,-4.6731,-0.56506
be for,be for,VB IN,69,1.1571e-05,0.0020195,44.674,-14.102,-1.4188
be good for,be good for,VB JJ IN,20,3.2594e-06,0.00076701,0.0,4.4174,6.3526
be in,be in,VB IN,374,6.0951e-05,0.0077677,8.5819,3.674,0.30397
be in,be in,VBP IN,197,4.1069e-05,0.0058892,12.521,4.4446,0.47389
be inside,be inside,VBZ IN,4,6.5189e-07,0.00027499,2.6763,1.1317,1.2038
be inside,be inside,VBZ JJ,2,3.2594e-07,0.00013919,5.8769,1.3613,4.7391
be inside,be inside,VBZ RB,5,8.1486e-07,0.00034554,5.1987,1.7776,2.2862
be like that,be like that,VBP IN DT,9,1.4667e-06,0.00063715,0.0,2.9779,7.0876
be on one,be on one,VB IN CD,1,1.6297e-07,4.0948e-05,0.0,0.64871,1.5093
be out,be out,VBZ IN,17,2.7705e-06,0.00097452,4.2397,-2.8791,-0.76407
be out,be out,VBZ RP,28,4.5632e-06,0.0014291,6.3864,-3.9655,-0.80687
be sure to,be sure to,VB JJ TO,102,1.6786e-05,0.0018891,0.0,10.123,8.6227
because of,because of,IN IN,227,3.8461e-05,0.0042935,118.25,11.051,1.8333
because of,because of,NN IN,2,3.2594e-07,3.7698e-05,8.7858,1.3898,5.8538
because of,because of,RB IN,2,3.2594e-07,3.7679e-05,2.1095,0.72949,1.0464
blow in,blow in,VBN IN,5,8.1486e-07,0.00014351,4.8211,1.7188,2.112
boa constrictor,boa constrictor,NN NN,2,3.2594e-07,0.4,25.514,1.4142,19.549
break in,break in,VB IN,2,2.7705e-06,0.00048555,9.4561,2.902,1.7555
break in,break in,VBN IN,16,2.6075e-06,0.00045735,9.7582,2.9001,1.8626
break into,break into,VBD IN,59,9.6153e-06,0.01044,152.88,7.5232,5.6043
bring back,bring back,NN RP,2,3.2594e-07,0.0054127,11.571,1.4123,9.5415
bring back,bring back,VB RB,13,2.1186e-06,0.0038146,18.97,3.2891,3.5103
bring back,bring back,VB RP,29,4.7262e-06,0.029352,110.59,5.3579,7.6238
bring back,bring back,VBP RB,1,1.6297e-07,0.00035467,3.1865,0.92485,3.734
bring back,bring back,VBP RP,2,3.2594e-07,0.0050063,9.2914,1.4074,7.69
bring to,bring to,VBG TO,3,6.5189e-07,5.9518e-05,2.2734,-1.3112,-0.72736
broke into,broke into,NN IN,7,1.1408e-06,0.0013154,24.03,2.6183,6.592
burst into,burst into,JJ IN,1,1.6297e-07,0.00018854,4.7778,0.98791,6.3696
burst into,burst into,NN IN,32,5.2151e-06,0.0059474,109.23,5.608,6.855
burst into,burst into,RB IN,40,6.5189e-06,0.007504,189.66,6.3082,8.592
burst into,burst into,VB IN,15,2.4446e-06,0.0028095,51.735,3.8386,6.8171
burst into,burst into,VBD IN,23,3.7484e-06,0.004318,97.873,4.7771,8.0001
burst into,burst into,VBN IN,7,1.1408e-06,0.0013185,30.426,2.6347,7.8969
burst into,burst into,VBP IN,8,1.3038e-06,0.001506,33.056,2.8144,7.6534
burst into,burst into,VBZ IN,12,1.9557e-06,0.0022531,43.934,3.4387,7.0895
by chance,by chance,IN NN,22,3.9113e-06,0.0030253,33.56,4.4659,3.4998
call out,call out,VBD IN,2,3.2594e-07,0.00053255,1.8555,0.45962,0.56704
call out,call out,VBD RP,156,2.5424e-05,0.026423,449.14,12.307,6.0897
call out,call out,VBN IN,2,3.2594e-07,0.00055096,1.996,0.63803,0.86553
call out,call out,VBN RP,85,1.3853e-05,0.01471,214.73,9.0175,5.5122
can do,can do,MD VB,413,6.7307e-05,0.050706,976.79,19.79,5.2556
care for,care for,NN IN,25,4.0743e-06,0.0011213,13.799,3.5917,1.828
care for,care for,VB IN,193,3.1454e-05,0.0087072,467.95,13.518,5.2136
care for,care for,VBP IN,8,1.3038e-06,0.00036647,15.853,2.6752,4.2061
carry out,carry out,VB RP,27,4.4002e-06,0.0048587,54.643,4.9831,4.6084
catch out,catch out,VBN RP,2,3.2594e-07,0.00036667,2.3465,0.87876,1.4012
catch sight of,catch sight of,VBD NN IN,120,1.9557e-05,0.0033179,0.0,10.954,14.998
catch sight of,catch sight of,VBN NN IN,9,1.4667e-06,0.00024973,0.0,2.9993,12.162
caught sight of,caught sight of,JJ NN IN,2,3.2594e-07,5.572e-05,0.0,1.4142,15.786
caught sight of,caught sight of,NN NN IN,2,3.2594e-07,5.5689e-05,0.0,1.414,12.699
clean out,clean out,JJ IN,9,1.4667e-06,0.0027688,20.047,2.8884,4.7488
clean out,clean out,NN IN,1,1.6297e-07,0.00032216,3.705,0.95979,4.6364
clean out,clean out,VB IN,2,3.2594e-07,0.00064144,5.9488,1.3659,4.8708
clean out,clean out,VB RP,10,1.6297e-06,0.0018988,32.527,3.1256,6.4301
clean out,clean out,VBD RP,4,6.5189e-07,0.00076227,13.689,1.9744,6.2887
clean out,clean out,VBN RP,6,9.7783e-07,0.0011434,21.953,2.4286,6.8737
clean out,clean out,VBP IN,2,3.2594e-07,0.00064694,8.6237,1.4036,7.0514
clean out,clean out,VBP RP,1,1.6297e-07,0.00019084,4.1031,0.97442,5.2887
clean out,clean out,VBZ RP,2,3.2594e-07,0.00038204,9.8915,1.4082,7.8737
close up,close up,JJ IN,1,1.6297e-07,0.0016447,3.6506,0.9575,4.5565
close up,close up,RB IN,12,1.9557e-06,0.015316,41.871,3.4363,6.9635
close up,close up,VB IN,2,4.8892e-07,0.005848,13.282,1.7243,7.801
close up,close up,VB RP,3,4.8892e-07,0.00044095,6.4769,1.6201,3.9517
close up,close up,VBD RP,1,4.8892e-07,0.0004356,3.9949,1.4077,2.4168
come across,come across,VBD IN,36,5.867e-06,0.0067561,57.643,5.6007,3.9096
come across,come across,VBD NN,1,1.6297e-07,0.00022107,4.0689,0.97351,5.2386
come at,come at,NN IN,2,3.2594e-07,0.00013247,2.2621,0.83289,1.2826
come at,come at,VB IN,29,4.7262e-06,0.0016827,2.6975,1.3496,0.41621
come at,come at,VBN IN,24,3.9113e-06,0.0014926,7.3655,2.7703,1.2025
come back,come back,JJ NN,1,1.6297e-07,0.0018282,5.1131,0.99231,7.0222
come back,come back,VB RB,420,6.9915e-05,0.085826,1405.5,20.518,6.7372
come back,come back,VB RP,1,1.6297e-07,0.00038782,1.8899,0.48179,0.94839
come back,come back,VBD RB,404,6.6167e-05,0.055674,1053.8,19.744,5.634
come back,come back,VBD RP,6,9.7783e-07,0.0012314,6.5227,2.0194,2.5097
come back,come back,VBN RB,121,1.972e-05,0.031482,337.33,10.825,5.9706
come back,come back,VBN RP,16,2.6075e-06,0.01124,46.13,3.9378,6.0077
come back,come back,VBP RB,76,1.2386e-05,0.023843,245.54,8.6327,6.6793
come down from,come down from,VB RP IN,5,8.1486e-07,0.00062181,0.0,2.2322,9.1866
come down from,come down from,VBN RB IN,14,2.2816e-06,0.0019737,0.0,3.7407,11.896
come down from,come down from,VBN RP IN,3,4.8892e-07,0.0004126,0.0,1.7297,9.509
come down from,come down from,VBP IN IN,2,3.2594e-07,0.0003637,0.0,1.414,12.714
come down from,come down from,VBP RP IN,1,1.6297e-07,0.00014633,0.0,0.99842,9.3036
come down on,come down on,VB RP IN,3,4.8892e-07,0.00022801,0.0,1.7219,7.4207
come down on,come down on,VBN RP IN,1,1.6297e-07,8.0728e-05,0.0,0.9916,6.895
come down on,come down on,VBP RP IN,1,1.6297e-07,8.3682e-05,0.0,0.99677,8.2746
come down to,come down to,VBD RB TO,41,6.6818e-06,0.00083368,0.0,6.381,8.1789
come down,come down,VB IN,2,3.2594e-07,0.00074502,2.4799,0.93929,1.5742
come down,come down,VB RB,13,3.9113e-06,0.0054299,25.851,4.2491,2.9142
come down,come down,VB RP,97,1.6623e-05,0.021765,215.08,9.7461,4.8367
come down,come down,VBD IN,6,9.7783e-07,0.0012052,5.4371,1.892,2.1355
come down,come down,VBD RB,242,3.9602e-05,0.036193,569.85,15.173,5.2304
come down,come down,VBD RP,4,6.5189e-07,0.00057302,2.4982,-1.6287,-0.85943
come down,come down,VBN RB,35,5.704e-06,0.01072,68.206,5.6578,4.5179
come down,come down,VBN RP,19,3.0965e-06,0.0053802,26.521,3.9659,3.4715
come down,come down,VBP IN,6,9.7783e-07,0.0068689,16.89,2.3989,5.5981
come down,come down,VBP RB,8,1.3038e-06,0.0030663,13.483,2.6208,3.7682
come down,come down,VBP RP,13,2.1186e-06,0.004521,24.796,3.423,4.3036
come from,come from,NN IN,4,6.5189e-07,0.00053626,6.6145,1.7981,3.3081
come from,come from,VB IN,108,1.7601e-05,0.011255,135.51,9.3651,3.3387
come from,come from,VBD IN,212,3.455e-05,0.017831,258.95,13.07,3.288
come from,come from,VBN IN,86,1.4016e-05,0.010189,143.74,8.7212,4.0694
come from,come from,VBP IN,59,9.6153e-06,0.0075792,128.31,7.4248,4.9054
come in,come in,JJ IN,1,1.6297e-07,2.8725e-05,1.8985,0.48972,0.97064
come in,come in,NN IN,16,2.6075e-06,0.00045879,19.605,3.5237,3.0702
come in,come in,VB IN,165,2.9661e-05,0.0049175,92.346,9.7579,1.8536
come in,come in,VBN IN,74,1.2386e-05,0.0021196,32.929,5.9459,1.6531
come in,come in,VBP IN,27,4.4002e-06,0.00076706,11.552,3.4088,1.5397
come in,come in,VBZ IN,1,6.3559e-06,0.0011056,20.682,4.4855,1.8275
come into,come into,VBD IN,225,3.6669e-05,0.022924,345.38,13.96,3.8504
come now,come now,NN RB,1,1.6297e-07,0.00017393,2.1559,0.68977,1.6886
come now,come now,VB RB,7,1.4667e-06,0.0011413,1.77,0.26637,0.13414
come now,come now,VBN RB,4,6.5189e-07,0.00059427,1.7376,0.032412,0.023572
come now,come now,VBP RB,2,3.2594e-07,0.00032922,1.7992,0.34479,0.40317
come on,come on,NN IN,2,3.2594e-07,0.00013216,2.2596,0.83149,1.2791
come on,come on,VB IN,48,1.7438e-05,0.0061957,76.469,8.2381,2.2962
come on,come on,VBN IN,13,5.3781e-06,0.0020478,15.217,3.9249,1.6585
come on,come on,VBP IN,7,1.1408e-06,0.00045281,2.5275,1.1273,0.80108
come out,come out,VB IN,35,6.3559e-06,0.0073522,45.365,5.5302,3.127
come out,come out,VB RB,13,2.6075e-06,0.0063291,38.203,3.8887,5.1678
come out,come out,VB RP,140,2.3631e-05,0.019455,256.82,11.413,4.2588
come out,come out,VBD IN,2,2.1838e-05,0.017635,208.44,10.792,3.884
come out,come out,VBD RP,3,4.4328e-05,0.027906,463.23,15.559,4.1427
come out,come out,VBN IN,25,4.4002e-06,0.0065068,39.744,4.7839,3.6559
come out,come out,VBN RP,55,1.0104e-05,0.0098444,104.65,7.4124,4.0925
come out,come out,VBP IN,10,1.6297e-06,0.0028625,15.506,2.9019,3.6025
come out,come out,VBP RP,16,2.6075e-06,0.0028359,23.063,3.6508,3.5179
come out,come out,VBZ RP,1,5.2151e-06,0.0055973,58.2,5.3647,4.2752
come to that,come to that,VB TO DT,3,4.8892e-07,5.769e-05,0.0,1.5726,3.4416
come to that,come to that,VBN TO DT,1,1.6297e-07,1.9519e-05,0.0,0.86751,2.916
come to,come to,JJ TO,4,6.5189e-07,5.9633e-05,4.0832,1.5082,2.024
come to,come to,NN TO,28,4.5632e-06,0.00041705,31.663,4.5976,2.9309
come to,come to,VB TO,508,8.5397e-05,0.007564,417.79,18.651,2.4326
come to,come to,VBD TO,1705,0.00027852,0.023879,2020.2,36.566,3.1144
come to,come to,VBG TO,207,3.3735e-05,0.0030462,162.26,11.659,2.3987
come to,come to,VBN TO,479,7.8226e-05,0.0070463,640.63,19.783,3.3654
come to,come to,VBP TO,196,3.1942e-05,0.0029052,273.22,12.721,3.4528
come to,come to,VBZ TO,3,2.2979e-05,0.0020877,136.76,10.091,2.735
come up to,come up to,VB RB TO,4,8.1486e-07,0.00010561,0.0,2.2114,6.503
come up to,come up to,VB RP TO,27,4.4002e-06,0.00053265,0.0,5.155,6.9802
come up to,come up to,VBD RB TO,95,1.5482e-05,0.0019437,0.0,9.7353,9.7273
come up to,come up to,VBD RP TO,2,3.2594e-07,3.83e-05,0.0,1.1068,2.2016
come up to,come up to,VBN RB TO,1,1.6297e-07,2.1471e-05,0.0,0.97355,5.2404
come up to,come up to,VBN RP TO,17,2.7705e-06,0.00034054,0.0,4.0982,7.3721
come up to,come up to,VBP RB TO,1,1.6297e-07,2.1674e-05,0.0,0.98983,6.62
come up to,come up to,VBP RP TO,1,1.6297e-07,2.0209e-05,0.0,0.96056,4.6643
come up to,come up to,VBZ RP TO,1,3.2594e-07,4.0377e-05,0.0,1.3812,5.4216
come up,come up,VB IN,2,3.2594e-07,0.00074363,2.4676,0.93417,1.5588
come up,come up,VB RB,22,4.4002e-06,0.006813,36.206,4.7107,3.4201
come up,come up,VB RP,123,2.0697e-05,0.014143,184.5,10.401,3.6982
come up,come up,VBD RB,277,4.5143e-05,0.04427,738.48,16.335,5.7553
come up,come up,VBD RP,104,1.6949e-05,0.0092248,78.667,8.2474,2.3863
come up,come up,VBN RB,2,3.2594e-07,0.00071225,1.924,0.55839,0.72462
come up,come up,VBN RP,42,6.8448e-06,0.0053674,49.6,5.7563,3.1612
come up,come up,VBP RB,8,1.3038e-06,0.0037175,14.998,2.664,4.1042
come up,come up,VBP RP,13,2.1186e-06,0.0018134,14.381,3.1051,2.8489
come up,come up,VBZ RP,2,2.4446e-06,0.0020707,16.044,3.3218,2.8127
cover in,cover in,VBD IN,1,1.6297e-07,2.8664e-05,2.0978,-1.1999,-1.1374
cover in,cover in,VBN IN,2,3.2594e-07,5.7239e-05,2.0432,-1.0073,-0.77592
cover with,cover with,VBD IN,34,5.541e-06,0.001716,73.494,5.6171,4.7693
cover with,cover with,VBN IN,232,3.7809e-05,0.011677,877.79,15.104,6.9013
covered with,covered with,JJ IN,8,1.3038e-06,0.00040553,24.762,2.7807,5.8894
covered with,covered with,NN IN,1,1.6297e-07,5.0714e-05,4.4738,0.98072,5.6968
cry out,cry out,NN IN,6,9.7783e-07,0.0017681,8.899,2.1955,3.2695
cry out,cry out,NN RB,3,4.8892e-07,0.0048622,9.3041,1.6962,5.5956
cry out,cry out,NN RP,5,8.1486e-07,0.0009022,5.0771,1.7639,2.2437
cry out,cry out,VB RP,37,6.03e-06,0.0067537,93.253,5.9448,5.4625
cry out,cry out,VBD IN,9,1.4667e-06,0.0019945,5.3521,2.0427,1.6479
cry out,cry out,VBD RP,148,2.412e-05,0.022219,320.27,11.765,4.9248
cry out,cry out,VBN IN,6,9.7783e-07,0.0016452,6.2119,1.9874,2.4063
cry out,cry out,VBN RP,17,2.7705e-06,0.0029333,20.937,3.6573,3.1461
cry out,cry out,VBP RP,4,6.5189e-07,0.00076169,12.827,1.9676,5.9477
depend on,depend on,NN IN,1,1.6297e-07,6.6441e-05,4.7058,0.98528,6.0865
depend on,depend on,VB IN,51,8.3116e-06,0.0033815,207.97,7.0968,7.3215
depend on,depend on,VBP IN,5,8.1486e-07,0.00033215,20.247,2.2185,6.9934
die for,die for,JJ IN,1,1.6297e-07,4.5867e-05,3.8856,0.96447,4.8149
die for,die for,NN IN,1,1.6297e-07,4.5806e-05,1.9577,0.55236,1.1596
die for,die for,VB IN,12,1.9557e-06,0.00054243,5.3555,2.1391,1.3864
die for,die for,VBP IN,3,4.8892e-07,0.00013723,3.1358,1.2316,1.7911
die of,die of,NN IN,9,1.4667e-06,0.00016954,11.832,2.6369,3.0464
die of,die of,VB IN,53,8.8005e-06,0.0010117,39.734,5.8283,2.2733
die of,die of,VBG IN,34,5.541e-06,0.00063935,38.052,5.0777,2.9525
do no good,do no good,VBN DT JJ,1,1.6297e-07,0.00012212,0.0,0.99105,6.8037
do with,do with,NN IN,2,3.2594e-07,0.00010138,4.8752,1.3188,3.8894
do with,do with,VB IN,339,5.541e-05,0.014268,307.33,15.572,2.6851
do with,do with,VBP IN,17,2.7705e-06,0.00065825,32.756,-14.921,-2.2075
do you know,do you know,VBD PRP VB,14,2.2816e-06,0.00057777,0.0,3.7167,7.2304
do you know,do you know,VBD PRP VBP,4,6.5189e-07,0.0001666,0.0,1.9598,5.6384
down on,down on,IN IN,1,1.6297e-07,6.446e-05,3.5122,-3.5521,-2.1865
down on,down on,NN IN,3,4.8892e-07,0.00019904,6.1443,1.6018,3.7328
down on,down on,RB IN,394,6.5515e-05,0.023306,709.46,18.974,4.2195
down on,down on,RP IN,349,5.6877e-05,0.019925,539.78,17.387,3.8506
down on,down on,VB IN,1,1.6297e-07,6.6436e-05,4.1997,0.97547,5.3495
down on,down on,VBN IN,3,4.8892e-07,0.00019926,9.7705,1.6981,5.6714
drinking water,drinking water,NN NN,1,1.6297e-07,0.00073746,4.1433,0.97618,5.3919
dying of,dying of,NN IN,5,8.1486e-07,9.4226e-05,8.9789,2.0505,3.5907
each other,each other,DT JJ,873,0.00014227,0.20265,3902.9,29.463,8.4633
eat up,eat up,VB RP,12,4.4002e-06,0.0035552,28.383,4.4881,2.8754
eat up,eat up,VBP RP,2,6.5189e-07,0.00058428,6.7951,1.8094,3.3915
eat up,eat up,VBZ RP,1,4.8892e-07,0.00044254,8.5615,1.6824,5.1257
emerge from,emerge from,NN IN,3,4.8892e-07,0.0004067,17.452,1.7279,8.7004
emerge from,emerge from,VB IN,2,3.2594e-07,0.00027106,8.5866,1.4023,6.8931
emerge from,emerge from,VBP IN,2,3.2594e-07,0.00027113,10.557,1.4091,8.1155
enter into,enter into,RB IN,1,1.6297e-07,0.00018857,5.0951,0.99136,6.855
enter into,enter into,RBR IN,1,1.6297e-07,0.00018861,5.6067,0.99482,7.592
enter into,enter into,VB IN,12,1.9557e-06,0.0022268,30.179,3.3758,5.2943
enter into,enter into,VBP IN,2,3.2594e-07,0.00037612,6.2287,1.3727,5.0895
even a,even a,RB DT,153,2.6727e-05,0.0028324,38.184,7.052,1.1541
express train,express train,NN NN,2,3.2594e-07,0.0094118,11.47,1.4122,9.4872
eye to,eye to,NN TO,26,4.5632e-06,0.00041434,2.225,0.97934,0.29527
fade away,fade away,VBD RB,9,1.4667e-06,0.0026962,30.703,2.971,6.6918
fade away,fade away,VBD RP,1,1.6297e-07,0.0023041,4.8503,0.98961,6.5888
fairy tale,fairy tale,JJ NN,19,3.0965e-06,0.068592,111.68,4.3567,10.922
fairy tale,fairy tale,NN NN,1,1.6297e-07,0.0021345,3.8094,0.96487,4.831
feel good,feel good,NN JJ,1,1.6297e-07,0.00025104,3.221,0.9278,3.7919
feel good,feel good,VB JJ,7,1.1408e-06,0.0015415,6.308,2.0751,2.2131
find out,find out,VB RP,427,7.0241e-05,0.06321,1304.7,20.5,6.316
find out,find out,VBP IN,1,1.6297e-07,0.00031085,2.2475,0.73261,1.903
find out,find out,VBP RP,16,2.6075e-06,0.002982,38.163,3.8866,5.1403
first come,first come,JJ VBD,4,6.5189e-07,0.00064584,1.8207,-0.4706,-0.30486
first come,first come,RB VBD,18,5.541e-06,0.0065574,58.372,5.4925,4.1069
first night,first night,JJ NN,25,4.0743e-06,0.006585,33.8,4.5365,3.4312
first night,first night,RB NN,1,1.6297e-07,0.00035868,1.7397,0.074461,0.11163
fond of,fond of,JJ IN,129,2.1023e-05,0.0024281,397.49,11.123,5.5982
fond of,fond of,NN IN,424,6.91e-05,0.0079574,1379.0,20.202,5.7237
fond of,fond of,NNS IN,1,1.6297e-07,1.8849e-05,5.2615,0.98271,5.8538
fond of,fond of,RB IN,9,1.4667e-06,0.00016962,24.038,2.9078,5.0237
fond of,fond of,VB IN,4,6.5189e-07,7.5395e-05,15.834,1.9654,5.8538
for example,for example,IN NN,10,2.1186e-06,0.00059439,20.564,3.3237,3.6774
for fun,for fun,IN NN,45,7.4967e-06,0.0020712,50.291,5.9233,2.9809
for it,for it,IN PRP,1421,0.00023533,0.025358,527.64,24.857,1.5317
for once,for once,IN IN,1,1.6297e-07,4.5848e-05,2.5974,0.83658,2.6133
for once,for once,IN RB,86,1.7275e-05,0.0044026,47.599,7.1527,1.7119
for the first time,for the first time,IN DT JJ NN,171,3.5854e-05,0.0026825,0.0,14.832,17.045
for the world,for the world,IN DT NN,34,5.541e-06,0.00032049,0.0,5.6679,5.1606
for you,for you,IN PRP,1425,0.00023517,0.029428,754.32,27.798,1.8985
fresh water,fresh water,JJ NN,16,2.6075e-06,0.0099657,46.657,3.94,6.0595
from afar,from afar,IN IN,2,3.2594e-07,0.00027113,10.557,1.4091,8.1155
from afar,from afar,IN JJ,1,1.6297e-07,0.00013557,5.7734,0.99519,7.7004
from afar,from afar,IN NN,23,3.9113e-06,0.0032472,111.86,4.8833,8.2854
from afar,from afar,IN NNS,1,1.6297e-07,0.00013556,5.0279,0.99038,6.7004
from afar,from afar,IN VBG,1,1.6297e-07,0.00013558,6.9754,0.9976,8.7004
from time to time,from time to time,IN NN TO NN,49,1.0756e-05,0.0015736,0.0,8.1239,16.396
gather in,gather in,VBD IN,8,1.3038e-06,0.0002292,4.9191,1.9103,1.6233
gather in,gather in,VBN IN,17,2.7705e-06,0.00048756,22.688,3.6968,3.2738
gaze at,gaze at,VBD IN,36,5.867e-06,0.0023882,104.49,5.9013,5.926
gaze at,gaze at,VBN IN,27,4.4002e-06,0.0017943,86.572,5.1312,6.3213
get away,get away,VBD RB,28,4.5632e-06,0.0055058,29.161,4.5652,2.8649
get away,get away,VBN RB,6,9.7783e-07,0.0015036,5.088,1.8413,2.01
get back to,get back to,VBD RB TO,23,3.7484e-06,0.0004817,0.0,4.7811,8.3443
get back to,get back to,VBN RB TO,5,8.1486e-07,0.00010634,0.0,2.2238,7.5101
get out,get out,VBD IN,42,6.8448e-06,0.0086207,58.341,5.9261,3.5465
get out,get out,VBD RB,21,3.4224e-06,0.010021,58.414,4.5044,5.8726
get out,get out,VBD RP,56,9.1264e-06,0.0079766,66.651,6.6683,3.1988
get out,get out,VBN IN,11,2.4446e-06,0.0039714,20.952,3.5133,3.4285
get out,get out,VBN RP,13,2.1186e-06,0.0021939,11.788,2.9499,2.4593
get stick,get stick,VBD VBN,3,4.8892e-07,0.0016376,9.8232,1.7024,5.8703
get stick,get stick,VBN VBN,2,3.2594e-07,0.0027137,8.0487,1.4002,6.6527
get stuck,get stuck,VBD JJ,1,1.6297e-07,0.0005571,5.0838,0.99184,6.9374
get stuck,get stuck,VBD RB,1,1.6297e-07,0.00055913,8.2063,0.99942,10.745
get to,get to,NN TO,1,1.6297e-07,1.491e-05,1.8563,0.43174,0.81538
get to,get to,VB TO,158,2.6401e-05,0.0023226,8.3436,3.4723,0.4596
get to,get to,VBP TO,28,4.5632e-06,0.00041572,7.5113,2.8298,1.104
give it to,give it to,VBD PRP TO,82,1.3364e-05,0.0011853,0.0,8.9683,6.7001
give way to,give way to,VBD NN TO,6,9.7783e-07,0.0001251,0.0,2.4191,6.3339
give way,give way,VBD NN,51,8.3116e-06,0.010431,80.78,6.6649,3.9056
glance at,glance at,NN IN,140,2.2979e-05,0.0092724,434.51,11.715,6.222
glance at,glance at,VB IN,8,1.3038e-06,0.00053232,23.687,2.7765,5.768
glance at,glance at,VBP IN,1,1.6297e-07,6.6602e-05,5.1581,0.99021,6.6749
go away,go away,VB RB,192,3.5202e-05,0.029528,430.84,14.109,4.6445
go away,go away,VB RP,24,4.8892e-06,0.0068012,64.933,5.2891,4.8635
go away,go away,VBD RB,432,7.0404e-05,0.057116,1101.4,20.343,5.5579
go away,go away,VBD RP,1,1.6297e-07,0.00021462,1.7408,-0.094304,-0.13001
go away,go away,VBP RB,14,2.2816e-06,0.0036027,19.979,3.4036,3.4682
go back to,go back to,VB RB TO,181,3.178e-05,0.0039607,0.0,13.953,10.26
go back to,go back to,VBD RB TO,231,3.7646e-05,0.0046762,0.0,15.188,10.418
go back to,go back to,VBG RB TO,49,7.9856e-06,0.0010185,0.0,6.9868,9.0507
go back to,go back to,VBP RB TO,11,1.7927e-06,0.0002343,0.0,3.3096,8.8834
go back,go back,VB RB,339,5.9485e-05,0.053712,949.61,18.724,5.6487
go back,go back,VB RP,1,1.6297e-07,0.00022855,1.7389,0.062413,0.092976
go back,go back,VBD RB,311,5.0684e-05,0.044151,748.61,17.197,5.3311
go back,go back,VBD RP,3,4.8892e-07,0.00064879,2.8731,1.1573,1.5914
go back,go back,VBG RB,66,1.0756e-05,0.01291,106.27,7.6037,3.9645
go back,go back,VBP RB,25,4.0743e-06,0.0074261,49.72,4.7869,4.552
go down,go down,VB IN,1,1.6297e-07,0.00022314,1.7548,-0.2152,-0.28119
go down,go down,VB RB,40,6.6818e-06,0.0065948,41.21,5.5035,2.8314
go down,go down,VB RP,152,2.6075e-05,0.024678,317.84,12.139,4.6308
go down,go down,VBP RB,12,1.9557e-06,0.0043042,19.776,3.2205,3.83
go down,go down,VBP RP,21,3.4224e-06,0.0068751,41.048,4.3761,4.4723
go far,go far,VB RB,18,3.9113e-06,0.0044535,23.694,4.1658,2.7402
go far,go far,VBP RB,3,4.8892e-07,0.0015306,4.1277,1.4283,2.5114
go for,go for,NN IN,1,1.6297e-07,4.5819e-05,2.0685,0.63762,1.4644
go for,go for,VB IN,61,1.0267e-05,0.0024403,1.9962,0.74434,0.14206
go for,go for,VBP IN,5,8.1486e-07,0.00022333,2.4287,-1.504,-0.7421
go off,go off,VB IN,1,1.6297e-07,0.00021418,1.8867,-0.70625,-0.77083
go off,go off,VB RB,1,1.6297e-07,0.00023685,1.8764,0.46442,0.90083
go off,go off,VB RP,29,4.7262e-06,0.004988,26.549,4.5115,2.6238
go off,go off,VBP RB,4,6.5189e-07,0.0050441,12.013,1.9608,5.672
go off,go off,VBP RP,1,1.6297e-07,0.00041929,1.7906,0.3108,0.537
go on,go on,NN IN,1,1.6297e-07,6.6335e-05,2.2943,0.74983,1.999
go on,go on,VB IN,334,6.2418e-05,0.020087,467.99,17.556,3.2806
go on,go on,VBD IN,1017,0.00016574,0.052652,2037.6,30.578,4.6029
go on,go on,VBG IN,316,5.1499e-05,0.018178,476.96,16.488,3.7863
go on,go on,VBP IN,62,1.0104e-05,0.0039647,81.975,7.1408,3.4247
go out,go out,VBN IN,40,6.5189e-06,0.0091912,65.201,5.9215,3.9719
go out,go out,VBN NN,1,1.6297e-07,0.0007731,4.2476,0.97892,5.5681
go out,go out,VBN RB,17,2.7705e-06,0.01079,49.501,4.0615,6.0636
go out,go out,VBN RP,46,7.4967e-06,0.0070764,60.372,6.1446,3.4108
go round,go round,VB IN,3,4.8892e-07,0.00071446,4.353,1.4576,2.6579
go round,go round,VB NN,34,5.541e-06,0.0068355,51.683,5.4013,3.7626
go round,go round,VB RB,1,1.6297e-07,0.0002471,3.1661,0.92274,3.6941
go round,go round,VB RP,3,4.8892e-07,0.00073792,7.5454,1.6595,4.5768
go round,go round,VB VB,2,3.2594e-07,0.00047887,3.0913,1.1198,2.2639
go round,go round,VBP IN,1,1.6297e-07,0.0012987,3.2448,0.93037,3.8441
go round,go round,VBP NN,4,6.5189e-07,0.002589,6.8891,1.8165,3.4464
go round,go round,VBP RB,5,8.1486e-07,0.0080906,24.054,2.231,8.7873
go to bed,go to bed,NN TO NN,1,1.6297e-07,2.2089e-05,0.0,0.9997,11.699
go to bed,go to bed,VB TO DT,4,6.5189e-07,8.4418e-05,0.0,1.9999,15.093
go to bed,go to bed,VB TO NN,52,9.6153e-06,0.0012309,0.0,7.675,10.282
go to bed,go to bed,VB TO RB,3,4.8892e-07,6.3314e-05,0.0,1.732,15.093
go to bed,go to bed,VB TO VB,28,4.7262e-06,0.00061106,0.0,5.3839,12.099
go to bed,go to bed,VB TO VBN,1,1.6297e-07,2.1104e-05,0.0,0.99971,11.771
go to bed,go to bed,VBP TO NN,20,3.2594e-06,0.00043814,0.0,4.4706,11.492
go to bed,go to bed,VBP TO VB,4,6.5189e-07,8.8549e-05,0.0,1.9995,12.012
go to bed,go to bed,VBP TO VBN,1,1.6297e-07,2.2173e-05,0.0,0.99996,14.542
go to it,go to it,VB TO PRP,7,1.3038e-06,0.00011298,0.0,2.1172,1.9916
go to it,go to it,VBP TO PRP,2,3.2594e-07,2.9186e-05,0.0,1.2058,2.7628
go to,go to,NN TO,5,8.1486e-07,7.4537e-05,5.0157,1.7376,2.1653
go to,go to,VB TO,1161,0.00019899,0.01718,1217.2,29.917,2.7976
go to,go to,VBD TO,1464,0.00023859,0.020527,1607.5,33.389,2.9728
go to,go to,VBG TO,2742,0.00044687,0.039516,6418.8,50.415,4.7479
go to,go to,VBN TO,343,5.5899e-05,0.0050203,310.32,15.527,2.6295
go to,go to,VBP TO,214,3.5202e-05,0.0031932,250.28,12.947,3.0698
golden hair,golden hair,JJ NN,62,1.0267e-05,0.046529,247.54,7.9027,7.8431
good and,good and,JJ CC,207,3.4224e-05,0.002041,5.5447,-3.1125,-0.2807
good and,good and,NN CC,2,3.2594e-07,2.0202e-05,2.3571,-1.5272,-1.0565
good evening,good evening,JJ NN,9,1.0267e-05,0.01349,143.26,7.7051,5.0957
good for,good for,JJ IN,163,2.8846e-05,0.0068725,74.125,9.0791,1.6548
good for,good for,NN IN,2,3.2594e-07,9.1475e-05,2.1556,0.76608,1.1256
good look,good look,JJ NN,26,4.2373e-06,0.005505,39.232,4.7109,3.7156
good reputation,good reputation,JJ NN,1,1.6297e-07,0.0002506,3.0413,0.90975,3.4699
grow up,grow up,NN RB,1,1.6297e-07,0.00056834,4.3263,0.98069,5.6945
grow up,grow up,VB RB,1,1.6297e-07,0.00050556,2.2468,0.73249,1.9023
grow up,grow up,VB RP,61,1.043e-05,0.0091494,180.15,7.8703,5.9466
grow up,grow up,VBP IN,2,3.2594e-07,0.0037037,7.8904,1.3989,6.5257
grow up,grow up,VBP RB,13,2.4446e-06,0.0082713,57.597,3.8522,7.5391
grow up,grow up,VBP RP,26,4.4002e-06,0.0039529,85.46,5.1359,6.4313
gust of wind,gust of wind,NN IN NN,20,3.2594e-06,0.00055966,0.0,4.4721,17.28
hammer in,hammer in,NN IN,2,3.2594e-07,5.7453e-05,2.931,1.0774,2.0702
happen on,happen on,VBD IN,6,9.7783e-07,0.00038671,1.9144,0.58309,0.39222
happen on,happen on,VBN IN,4,6.5189e-07,0.00026039,1.8518,0.46955,0.38604
have to,have to,VB TO,941,0.00015433,0.012858,424.06,21.403,1.7156
have to,have to,VBD TO,1421,0.00023158,0.015976,89.631,12.314,0.57062
have to,have to,VBN TO,71,1.1571e-05,0.0010519,38.49,6.1332,1.8777
have to,have to,VBP TO,369,6.2418e-05,0.0052818,34.667,7.3783,0.68273
heart skip a beat,heart skip a beat,NN VBD DT NN,2,3.2594e-07,6.9303e-05,0.0,1.4142,27.176
heavy body,heavy body,JJ NN,3,4.8892e-07,0.0044248,8.8486,1.6892,5.3381
heavy body,heavy body,NN NN,1,1.6297e-07,0.0026525,6.9507,0.99903,10.006
here and there,here and there,RB CC EX,1,3.2594e-07,2.7582e-05,0.0,1.1005,2.1723
here and there,here and there,RB CC RB,132,2.3631e-05,0.0020746,0.0,12.026,9.6343
hold it,hold it,VBD PRP,91,1.483e-05,0.0025503,93.984,8.2461,2.8829
hold it,hold it,VBN PRP,3,4.8892e-07,8.5086e-05,1.7599,0.21755,0.19364
home today,home today,NN NN,2,3.2594e-07,0.00072085,3.4716,1.189,2.6504
home today,home today,RB NN,1,1.6297e-07,0.0032468,4.5519,0.98534,6.0918
impose on,impose on,VBD IN,1,1.6297e-07,6.6445e-05,6.3559,0.99509,7.6714
impose on,impose on,VBN IN,2,3.2594e-07,0.00013285,6.6623,1.3795,5.3495
in a hurry,in a hurry,IN DT NN,131,2.1349e-05,0.0021624,0.0,11.438,10.624
in case of,in case of,IN NN IN,25,4.0743e-06,0.0004257,0.0,4.9805,8.0001
in hand,in hand,IN NN,141,2.2979e-05,0.0038512,66.748,8.3945,1.7707
in midair,in midair,IN NN,1,1.6297e-07,2.8743e-05,5.628,0.98866,6.4625
in order,in order,IN NN,308,5.3129e-05,0.0092778,857.16,17.619,5.3703
in peace,in peace,IN NN,121,1.972e-05,0.0034519,230.0,10.457,4.3397
in question,in question,IN NN,12,1.9557e-06,0.00034203,3.244,1.536,0.84533
in response,in response,IN NN,9,1.4667e-06,0.00025853,17.553,2.8299,4.1406
in silence,in silence,IN NN,136,2.2979e-05,0.0040176,268.42,11.291,4.347
in that,in that,IN DT,933,0.00016216,0.022864,725.29,25.269,2.3297
in that,in that,IN IN,2,3.2594e-07,3.686e-05,377.55,-310.81,-7.7864
in the form of,in the form of,IN DT NN IN,11,1.7927e-06,9.8291e-05,0.0,3.3158,11.911
in the middle of,in the middle of,IN DT NN IN,307,5.6877e-05,0.0031169,0.0,18.681,16.137
in the middle,in the middle,IN DT JJ,5,8.1486e-07,4.3952e-05,0.0,2.2213,7.2376
in the middle,in the middle,IN DT NN,402,7.2848e-05,0.0039236,0.0,21.129,10.64
in the past,in the past,IN DT JJ,13,2.1186e-06,0.00011418,0.0,3.5558,6.1807
in the past,in the past,IN DT NN,17,2.7705e-06,0.00014939,0.0,4.1009,7.5397
in the same way,in the same way,IN DT JJ NN,36,6.03e-06,0.00042285,0.0,6.0826,14.946
in the sand,in the sand,IN DT NN,27,4.5632e-06,0.00024594,0.0,5.2606,7.4187
in the way,in the way,IN DT NN,124,2.0209e-05,0.0010694,0.0,10.837,5.2197
in the world,in the world,IN DT NN,999,0.00016281,0.0087062,0.0,31.559,9.3631
in the wrong,in the wrong,IN DT JJ,26,4.2373e-06,0.00022816,0.0,5.035,6.3162
in time to,in time to,IN NN TO,105,1.7275e-05,0.001492,0.0,10.068,5.4997
in time,in time,IN NN,338,5.6877e-05,0.0088318,152.65,12.944,1.703
in turn,in turn,IN NN,52,8.4745e-06,0.0014837,62.125,6.3981,3.1489
inside of,inside of,IN IN,23,3.7484e-06,0.00043203,13.173,3.4581,1.842
inside of,inside of,NN IN,38,6.1929e-06,0.0007155,73.456,5.8418,4.2562
inside of,inside of,RB IN,4,6.5189e-07,7.5242e-05,1.7424,0.10653,0.078968
instead of,instead of,RB IN,742,0.00013282,0.015211,2386.4,27.908,5.4787
judge by,judge by,VBN IN,3,4.8892e-07,0.00039973,11.566,1.7151,6.6764
just for fun,just for fun,RB IN NN,12,2.2816e-06,0.00078364,0.0,3.7393,10.65
just in time,just in time,RB IN NN,94,1.5482e-05,0.0032309,0.0,9.7303,9.2109
just like that,just like that,RB IN DT,9,1.7927e-06,0.00092822,0.0,3.3052,8.1792
just the same,just the same,RB DT JJ,150,2.6238e-05,0.0017069,0.0,12.677,10.136
kind of thing,kind of thing,NN IN NN,5,8.1486e-07,0.00013425,0.0,2.2271,7.9612
kind of,kind of,NN IN,690,0.00011245,0.012775,1366.0,25.006,4.3796
know of,know of,NN IN,10,1.6297e-06,0.00018846,25.091,3.0529,4.8538
know of,know of,VB IN,39,6.3559e-06,0.0007033,14.573,-7.0514,-1.0903
know of,know of,VBP IN,55,9.1264e-06,0.001016,3.3455,-2.0739,-0.35291
laugh at,laugh at,VBD IN,169,2.7542e-05,0.010799,354.74,12.521,4.7618
laugh at,laugh at,VBN IN,107,1.7927e-05,0.0072586,347.11,10.357,6.3167
laugh at,laugh at,VBP IN,1,3.2594e-06,0.0013305,72.06,4.4316,6.7874
lead to,lead to,NN TO,2,3.2594e-07,2.9813e-05,1.8758,0.48694,0.60893
lead to,lead to,VB TO,9,1.4667e-06,0.00013399,2.8854,1.3316,0.84654
lead to,lead to,VBP TO,4,6.5189e-07,5.9645e-05,7.0076,1.8033,3.3459
lead up to,lead up to,VBG RP TO,2,3.2594e-07,4.0603e-05,0.0,1.4094,8.1922
lean on,lean on,VBG IN,58,9.4524e-06,0.0038278,163.94,7.4831,5.8429
lean over,lean over,VBP IN,2,3.2594e-07,0.00045579,9.4858,1.4071,7.6433
leaning on,leaning on,NN IN,1,1.6297e-07,6.6434e-05,4.0291,0.97057,5.0865
leave aside,leave aside,VB RB,1,1.6297e-07,0.0014782,3.5353,0.95117,4.356
leave for,leave for,VBD IN,31,5.0521e-06,0.0013717,11.806,3.5259,1.4472
leave for,leave for,VBN IN,30,4.8892e-06,0.0013401,16.474,3.9555,1.8478
leave in,leave in,VBD IN,21,3.4224e-06,0.00059005,1.9253,0.62338,0.21095
leave in,leave in,VBN IN,71,1.1571e-05,0.002007,56.195,6.8476,2.4162
leave to,leave to,VB TO,1,7.0078e-06,0.00063617,7.5451,2.9778,0.8733
leave to,leave to,VBD TO,53,8.6375e-06,0.00078108,5.3097,2.4766,0.59988
leave to,leave to,VBN TO,81,1.4179e-05,0.0012862,42.235,6.5788,1.7628
left for,left for,NN IN,13,2.1186e-06,0.00059346,16.369,3.1878,3.1094
left in,left in,NN IN,5,8.1486e-07,0.00014328,2.6767,1.161,1.0565
left to,left to,JJ TO,2,3.2594e-07,2.9787e-05,2.2322,-1.3367,-0.95992
left to,left to,NN TO,9,1.4667e-06,0.00013401,3.1748,1.4555,0.95782
let go of,let go of,NN VB IN,1,1.6297e-07,2.6261e-05,0.0,0.9978,8.8306
let go of,let go of,VB VB IN,6,1.1408e-06,0.00017767,0.0,2.611,6.2506
let go of,let go of,VBD VB IN,10,1.6297e-06,0.00026244,0.0,3.1611,11.335
let go of,let go of,VBN VB IN,1,1.6297e-07,2.6262e-05,0.0,0.99789,8.8914
let go of,let go of,VBP VB IN,4,6.5189e-07,0.00010501,0.0,1.9985,10.375
let go,let go,NN VB,10,1.6297e-06,0.0024594,31.542,3.1221,6.2988
let go,let go,VB VB,38,7.0078e-06,0.0071104,47.31,5.7467,3.0158
let go,let go,VBD VB,21,3.4224e-06,0.0051182,67.689,4.5337,6.5513
let go,let go,VBN VB,5,8.1486e-07,0.0012303,13.748,2.1816,5.3596
let go,let go,VBP VB,7,1.1408e-06,0.001714,18.424,2.5799,5.3289
lie in,lie in,VBG IN,77,1.2549e-05,0.0021925,100.63,7.9221,3.363
light up,light up,JJ RP,1,1.6297e-07,0.00014344,1.7392,0.065836,0.098253
light up,light up,VB RP,7,1.3038e-06,0.0011785,24.135,2.7832,5.9682
light up,light up,VBD RP,3,5.704e-06,0.0051058,109.05,5.8449,6.378
little boy,little boy,JJ JJ,4,6.5189e-07,0.0004852,11.191,1.9477,5.2578
little boy,little boy,JJ NN,177,2.9172e-05,0.017612,301.77,12.602,4.1059
little fellow,little fellow,JJ JJ,19,3.0965e-06,0.0022922,52.896,4.2796,5.7799
little fellow,little fellow,JJ NN,102,1.6623e-05,0.011741,249.6,9.8537,5.3607
live in,live in,VBD IN,216,3.5202e-05,0.0061084,370.52,13.816,4.06
live in,live in,VBN IN,70,1.1408e-05,0.0020016,122.25,7.8733,4.084
live on,live on,VBD IN,50,8.1486e-06,0.0032009,59.029,6.2788,3.158
live on,live on,VBG IN,14,2.2816e-06,0.00092239,20.229,3.4047,3.4732
live on,live on,VBN IN,9,1.4667e-06,0.00059088,8.1789,2.4048,2.3336
living on,living on,NN IN,6,9.7783e-07,0.00039326,3.9439,1.6184,1.5594
look after,look after,NN IN,17,2.7705e-06,0.0040655,22.466,3.7088,3.3151
look after,look after,VB IN,146,2.412e-05,0.031142,382.68,11.921,5.6347
look after,look after,VBP IN,6,1.1408e-06,0.0019139,11.724,2.4409,3.6912
look around,look around,NN IN,9,1.4667e-06,0.0065526,20.737,2.8989,4.8916
look around,look around,NN RB,5,8.1486e-07,0.0055866,16.44,2.2075,6.2924
look around,look around,NN RP,2,3.2594e-07,0.0023952,7.1328,1.3903,5.888
look around,look around,VB IN,7,1.3038e-06,0.0041142,14.154,2.6415,3.9193
look around,look around,VB RB,2,3.2594e-07,0.0013643,5.1222,1.3355,4.1681
look around,look around,VB RP,12,1.9557e-06,0.0085349,47.28,3.4471,7.6706
look around,look around,VBD IN,26,4.2373e-06,0.0079755,52.851,4.8934,4.6322
look around,look around,VBD RB,10,1.6297e-06,0.0035952,26.544,3.0925,5.5025
look around,look around,VBD RP,5,8.1486e-07,0.0018372,13.891,2.1838,5.42
look around,look around,VBP IN,3,4.8892e-07,0.0035315,8.1894,1.6765,4.9629
look around,look around,VBP RP,1,1.6297e-07,0.0032154,4.822,0.98929,6.5443
look at,look at,CC IN,1,1.6297e-07,6.6602e-05,5.1581,0.99021,6.6749
look at,look at,NN IN,266,5.4107e-05,0.021038,846.29,17.809,5.4659
look at,look at,VB IN,450,8.0019e-05,0.030027,1175.1,21.567,5.2281
look at,look at,VBD IN,964,0.0001571,0.054563,2303.0,30.212,5.2138
look at,look at,VBG IN,433,7.0567e-05,0.026502,989.67,20.185,5.0613
look at,look at,VBN IN,53,8.6375e-06,0.0034974,129.47,7.0912,5.2684
look at,look at,VBP IN,73,1.1897e-05,0.0047847,162.16,8.2651,4.9369
look for,look for,NN IN,22,3.9113e-06,0.0010635,6.8559,2.6726,1.1378
look for,look for,VB IN,244,4.0254e-05,0.010675,363.03,14.506,3.6988
look for,look for,VBD IN,43,7.0078e-06,0.0017584,2.0473,0.80588,0.18918
look for,look for,VBG IN,251,4.0906e-05,0.010854,374.46,14.654,3.7366
look for,look for,VBN IN,19,3.0965e-06,0.000866,24.612,3.9008,3.2504
look for,look for,VBP IN,6,9.7783e-07,0.0002722,2.4055,1.0368,0.79405
looked at,looked at,NN IN,1,1.6297e-07,6.6605e-05,6.3579,0.99511,7.6749
lose in,lose in,VBD IN,1,1.6297e-07,2.8552e-05,4.0459,-4.3069,-2.4079
lose in,lose in,VBN IN,90,1.4667e-05,0.00255,97.609,8.282,2.9771
lose on,lose on,VBD IN,2,3.2594e-07,0.00013086,1.7546,-0.20907,-0.19892
lose on,lose on,VBN IN,8,1.3038e-06,0.00051435,2.4308,1.0803,0.69417
lying in,lying in,NN IN,4,6.5189e-07,0.00011492,6.8037,1.8016,3.3332
made of,made of,NN IN,4,6.5189e-07,7.5394e-05,13.676,1.9568,5.5318
make of,make of,VBD IN,17,2.7705e-06,0.00030793,30.222,-13.948,-2.1319
make of,make of,VBN IN,205,3.3409e-05,0.003781,153.62,11.501,2.3459
move about,move about,VBG IN,7,1.1408e-06,0.001396,14.589,2.5205,4.4009
move about,move about,VBG RB,9,1.4667e-06,0.015625,38.269,2.9894,8.1411
my eye,my eye,PRP$ NN,37,0.0,0.0,1.7372,0.0,0.0
my foot,my foot,PRP$ NN,34,0.0,0.0,1.7372,0.0,0.0
my life,my life,PRP$ NN,461,0.0,0.0,1.7372,0.0,0.0
next to,next to,IN TO,12,1.9557e-06,0.00017879,9.634,2.6944,2.17
next to,next to,JJ TO,47,9.2894e-06,0.00083313,1.785,-0.33303,-0.062274
next to,next to,VBN TO,2,3.2594e-07,2.9826e-05,8.3789,1.3833,5.5158
no end,no end,DT NN,63,1.043e-05,0.0083852,106.29,7.5144,4.042
no end,no end,RB VB,1,1.6297e-07,0.0013477,4.0629,0.97393,5.2617
no good,no good,DT JJ,92,1.5645e-05,0.0089678,76.402,8.0217,2.4636
no good,no good,DT NN,17,2.7705e-06,0.0024949,48.646,4.0543,5.9045
no good,no good,RB JJ,2,8.1486e-07,0.0010778,3.4576,1.4479,1.5044
no harm,no harm,DT NN,142,2.4609e-05,0.02172,573.21,12.216,7.4049
no harm,no harm,DT VB,1,1.6297e-07,0.00014732,2.5619,0.8306,2.5615
no harm,no harm,RB NN,1,1.6297e-07,0.0011287,3.0374,0.90977,3.4703
no long,no long,DT JJR,8,1.3038e-06,0.0011541,11.524,2.5445,3.3166
no long,no long,RB JJR,71,1.1571e-05,0.081986,365.81,8.4165,9.7701
no longer,no longer,DT NN,15,2.4446e-06,0.002216,58.948,3.8508,7.4498
no longer,no longer,DT RB,12,1.9557e-06,0.0017433,23.452,3.2939,4.3472
no longer,no longer,DT RBR,56,9.1264e-06,0.0080218,151.94,7.3472,5.7808
no longer,no longer,RB RB,160,2.6564e-05,0.19939,1045.3,12.762,11.415
no longer,no longer,RB RBR,247,4.058e-05,0.27213,1563.9,15.773,11.237
no use,no use,DT IN,4,6.5189e-07,0.00059224,17.638,1.9901,7.6584
no use,no use,DT NN,376,6.2907e-05,0.053854,1557.9,19.553,7.7134
no use,no use,DT VB,3,4.8892e-07,0.00043375,3.4423,1.3078,2.0296
no use,no use,RB NN,4,1.3038e-06,0.0072628,21.13,2.7626,5.4247
no use,no use,RB VB,3,4.8892e-07,0.0035273,8.8429,1.6891,5.3333
north pole,north pole,JJ NN,2,3.2594e-07,0.033058,14.337,1.4138,11.853
nose up,nose up,JJ RP,3,4.8892e-07,0.00043722,4.4826,1.4726,2.7387
nose up,nose up,NN RP,3,4.8892e-07,0.00042454,2.3838,0.95103,1.149
not at all,not at all,RB IN DT,144,2.9661e-05,0.006997,0.0,13.458,8.6705
not at all,not at all,RB IN PDT,11,1.7927e-06,0.00050558,0.0,3.2679,6.0893
not at all,not at all,RB IN RB,2,3.2594e-07,0.00010298,0.0,1.4107,8.6491
not much,not much,RB JJ,114,2.2979e-05,0.0087112,138.04,10.198,2.8246
not much,not much,RB RB,24,4.2373e-06,0.0016862,6.2107,2.568,1.0105
nothing like,nothing like,NN IN,25,5.2151e-06,0.0049478,26.415,4.6251,2.4549
nothing like,nothing like,NN JJ,2,3.2594e-07,0.0009348,4.4104,1.2921,3.5333
now that,now that,RB DT,8,3.7484e-06,0.001598,3.0199,-1.9252,-0.4869
now that,now that,RB IN,287,5.8996e-05,0.014402,262.19,15.247,2.3318
occur to,occur to,VBD TO,91,1.483e-05,0.0013558,238.88,9.2484,5.0349
occur to,occur to,VBN TO,30,4.8892e-06,0.00044721,68.93,5.2578,4.6413
of a kind,of a kind,IN DT NN,10,1.6297e-06,0.0001365,0.0,2.9714,4.0499
of course,of course,IN NN,1153,0.00037141,0.041964,7382.2,46.829,5.7127
of it,of it,IN PRP,2863,0.00046691,0.032484,731.55,30.819,1.2371
on earth,on earth,IN NN,177,2.9009e-05,0.011483,438.06,13.01,5.3286
on top of,on top of,IN NN IN,62,1.0267e-05,0.0013798,0.0,7.929,9.9063
on top,on top,IN JJ,3,4.8892e-07,0.0001981,3.0067,1.1968,1.6942
on top,on top,IN NN,74,1.2223e-05,0.0048586,137.26,8.2218,4.3041
once upon a time,once upon a time,RB IN DT NN,54,2.1675e-05,0.0040874,0.0,11.533,20.472
one day,one day,CD NN,580,0.00015564,0.082928,2583.0,30.332,5.7579
out of pocket,out of pocket,IN IN NN,2,3.2594e-07,5.3232e-05,0.0,1.4088,8.0241
out of,out of,IN IN,4867,0.00080231,0.087698,14774.0,68.644,5.5285
out of,out of,NN IN,38,6.1929e-06,0.00071593,110.72,6.0214,5.4293
out of,out of,RB IN,112,1.8253e-05,0.002099,150.61,9.5781,3.3967
out of,out of,RP IN,19,3.0965e-06,0.00032599,106.43,-37.156,-3.2516
out of,out of,VBN IN,1,1.6297e-07,1.8849e-05,5.2615,0.98271,5.8538
pain of death,pain of death,NN IN NN,9,1.4667e-06,0.00025075,0.0,2.9995,12.517
pile up,pile up,VBD RP,6,9.7783e-07,0.00088496,18.863,2.4126,6.0536
pile up,pile up,VBN RB,1,1.6297e-07,0.00056948,4.5265,0.98467,6.027
pile up,pile up,VBN RP,3,4.8892e-07,0.00044294,9.5443,1.6977,5.6562
play with,play with,NN IN,29,4.7262e-06,0.0014595,47.125,5.02,3.8823
play with,play with,VB IN,173,2.8357e-05,0.0086548,409.74,12.813,5.1266
play with,play with,VBP IN,9,1.7927e-06,0.00055668,21.819,3.15,4.3149
pluck up courage,pluck up courage,VBD RP NN,6,9.7783e-07,0.001286,0.0,2.4495,18.973
pluck up,pluck up,VBD RP,16,2.9335e-06,0.0026469,60.035,4.2001,6.6385
pluck up,pluck up,VBN RP,1,1.6297e-07,0.0001477,3.5579,0.95153,4.3667
point out,point out,NN RP,2,3.2594e-07,0.00036556,2.2706,0.83897,1.2977
point out,point out,VB RP,13,2.1186e-06,0.0024727,48.883,3.5819,7.2522
point out,point out,VBD IN,1,1.6297e-07,0.00031182,2.298,0.75272,2.0158
point out,point out,VBD RP,34,5.541e-06,0.0063486,104.5,5.759,6.3405
point out,point out,VBG RP,9,1.4667e-06,0.0016941,21.7,2.909,5.0436
point out,point out,VBN RP,12,1.9557e-06,0.0022833,45.296,3.4415,7.257
pour out,pour out,VB IN,1,1.6297e-07,0.0003217,3.5346,0.95074,4.3436
pour out,pour out,VB RP,12,2.1186e-06,0.0024729,49.146,3.5824,7.2813
pour out,pour out,VBP RP,2,3.2594e-07,0.00038179,8.1285,1.3997,6.6106
prepare for,prepare for,VBG IN,24,3.9113e-06,0.0010987,59.941,4.7684,5.23
preparing for,preparing for,NN IN,3,4.8892e-07,0.00013761,14.628,1.7197,7.1369
pretend to,pretend to,NN TO,1,1.6297e-07,1.4912e-05,2.5743,0.82515,2.5158
pretend to,pretend to,VB TO,45,7.4967e-06,0.00068546,92.641,6.4407,4.3115
pretend to,pretend to,VBP TO,10,1.6297e-06,0.00014911,22.535,3.0171,4.4454
pull out,pull out,VB IN,1,1.6297e-07,0.00031221,2.3198,0.76076,2.0635
pull out,pull out,VB RP,8,1.6297e-06,0.0018686,21.41,3.0339,4.6227
pull up,pull up,VBD RB,2,3.2594e-07,0.0010142,3.7693,1.2299,2.9396
pull up,pull up,VBD RP,24,3.9113e-06,0.003434,48.313,4.6926,4.5688
pull up,pull up,VBN RP,8,1.3038e-06,0.0011764,21.622,2.7646,5.4686
put down,put down,VB RP,12,2.1186e-06,0.0039914,17.85,3.2529,3.3538
put down,put down,VBD RB,3,4.8892e-07,0.00095511,2.3857,0.95266,1.1521
put down,put down,VBD RP,44,7.3337e-06,0.013206,97.163,6.4826,4.894
put down,put down,VBN RP,10,1.6297e-06,0.0035855,19.264,2.9981,4.2675
put out,put out,NN RP,1,1.6297e-07,0.00019035,3.2296,0.92837,3.8033
put out,put out,VB RP,27,4.5632e-06,0.0046485,36.865,4.7816,3.3754
put out,put out,VBD IN,1,1.6297e-07,0.00024842,1.9587,-0.89281,-0.92053
put out,put out,VBD RP,81,1.3201e-05,0.01312,162.93,8.6432,4.6566
put out,put out,VBN RP,46,7.4967e-06,0.0082801,113.32,6.6199,5.3838
reign over,reign over,NN IN,1,1.6297e-07,0.00022751,3.9198,0.96856,4.9912
reign over,reign over,VB IN,2,3.2594e-07,0.00045563,8.7806,1.4041,7.1287
reply to,reply to,NN TO,31,5.0521e-06,0.00046143,27.025,4.5668,2.4757
reply to,reply to,VB TO,4,6.5189e-07,5.9625e-05,3.2515,1.3225,1.5616
reply to,reply to,VBD TO,11,1.7927e-06,0.00016159,17.772,-10.12,-2.0184
reply to,reply to,VBZ TO,1,1.6297e-07,1.4912e-05,2.8059,0.86886,2.9309
reveal to,reveal to,VBD TO,4,6.5189e-07,5.9637e-05,4.8118,1.6175,2.3865
reveal to,reveal to,VBN TO,15,2.4446e-06,0.00022364,31.174,3.6755,4.2934
rid of,rid of,JJ IN,177,2.8846e-05,0.0033307,616.16,13.071,5.8375
rid of,rid of,NNS IN,3,4.8892e-07,5.6547e-05,12.31,1.7021,5.8538
rise up,rise up,NN RB,1,1.6297e-07,0.00056275,3.7223,0.96081,4.6734
rise up,rise up,VB RB,9,2.2816e-06,0.0077071,52.465,3.7192,7.3798
rise up,rise up,VB RP,6,1.1408e-06,0.0010244,14.72,2.5225,4.4241
rise up,rise up,VBP RB,1,1.6297e-07,0.00057127,4.987,0.99091,6.7819
rise up,rise up,VBP RP,1,1.6297e-07,0.00014777,3.8307,0.96475,4.8262
run away,run away,NN RB,1,1.6297e-07,0.00029595,2.5356,0.82481,2.513
run away,run away,VB RB,222,3.7972e-05,0.059859,878.47,15.181,7.5092
run away,run away,VB RP,18,2.9335e-06,0.018209,61.108,4.2067,6.8818
run away,run away,VBN RB,63,1.0267e-05,0.018391,252.15,7.9026,7.839
run away,run away,VBN RP,8,1.3038e-06,0.01534,33.149,2.8168,7.9287
run away,run away,VBP RB,10,2.7705e-06,0.0050438,57.188,4.085,6.7594
run away,run away,VBZ RB,1,2.2816e-06,0.0041723,47.86,3.7083,6.8111
sand dune,sand dune,NN NN,1,1.6297e-07,0.0060976,9.0838,0.99989,13.2
sat down,sat down,JJ IN,1,1.6297e-07,0.0020408,5.0928,0.99214,6.9905
sat down,sat down,JJ RP,1,1.6297e-07,0.00040128,3.6704,0.9582,4.5805
say about,say about,VB IN,25,4.0743e-06,0.003789,18.054,3.9198,2.2107
say about,say about,VBP IN,8,1.3038e-06,0.0014286,5.6689,2.0486,1.8587
see through,see through,VBN IN,6,9.7783e-07,0.0015921,3.6561,1.5479,1.4419
see to it that,see to it that,VB TO PRP IN,4,8.1486e-07,7.9421e-05,0.0,2.23,8.5347
see to it,see to it,VB TO PRP,13,2.2816e-06,0.00019729,0.0,3.1738,2.7202
see to,see to,NN TO,2,3.2594e-07,2.9806e-05,1.7372,-0.0076127,-0.0077451
see to,see to,VB TO,94,1.5482e-05,0.0013324,25.568,-9.2822,-0.9652
see to,see to,VBP TO,1,1.6297e-07,1.4688e-05,37.09,-44.024,-5.4926
set off,set off,NN RP,1,1.6297e-07,0.00052233,2.7091,0.86181,2.8553
set off,set off,VB RP,27,4.4002e-06,0.012694,78.733,5.1217,6.1243
set off,set off,VBD RP,113,1.8416e-05,0.050867,444.82,10.583,7.8268
set off,set off,VBN RB,1,1.6297e-07,0.0016129,3.4312,0.94461,4.1742
set off,set off,VBN RP,32,5.2151e-06,0.014467,91.362,5.5708,6.0392
set off,set off,VBP RP,8,1.3038e-06,0.004194,23.658,2.7825,5.9435
set out,set out,NN RP,1,1.6297e-07,0.0001869,2.0093,0.5975,1.3129
set out,set out,VB RP,80,1.3201e-05,0.01456,237.75,8.8747,6.1669
set out,set out,VBD RP,196,3.1942e-05,0.034644,690.73,13.896,7.079
set out,set out,VBN IN,1,1.6297e-07,0.00028576,1.7504,0.16467,0.25958
set out,set out,VBN RP,113,1.8579e-05,0.020184,345.88,10.544,6.3298
set out,set out,VBP RP,58,9.4524e-06,0.010854,212.47,7.5661,7.2592
sit down,sit down,CC IN,2,3.2594e-07,0.0043011,17.02,1.414,12.691
sit down,sit down,JJ RP,1,1.6297e-07,0.00040519,5.9753,0.99678,8.2809
sit down,sit down,NN RB,2,3.2594e-07,0.00088751,5.7311,1.3595,4.691
sit down,sit down,NN RP,3,4.8892e-07,0.0011905,8.4734,1.6819,5.111
sit down,sit down,VB RB,1,1.6297e-07,0.00039393,1.9176,0.51393,1.0408
sit down,sit down,VB RP,7,2.8357e-05,0.062032,746.4,13.15,8.3187
sit down,sit down,VBD IN,6,9.7783e-07,0.0032284,10.748,2.2773,3.8303
sit down,sit down,VBD RB,645,0.00010577,0.18058,2814.0,25.397,8.3425
sit down,sit down,VBD RP,181,3.0313e-05,0.04818,564.37,13.474,6.3745
sit down,sit down,VBN RP,25,4.0743e-06,0.0098678,100.43,4.9783,7.848
sit down,sit down,VBP IN,1,1.6297e-07,0.0018051,4.0251,0.97278,5.199
sit down,sit down,VBP RP,6,4.4002e-06,0.010563,102.94,5.1683,7.544
sit in,sit in,VBG IN,175,2.852e-05,0.0049295,234.55,12.011,3.441
sit on,sit on,VBG IN,346,5.6388e-05,0.021954,920.96,18.226,5.6334
sitting in,sitting in,NN IN,3,4.8892e-07,8.6195e-05,5.2062,1.5356,3.1406
sitting on,sitting on,NN IN,1,1.6297e-07,6.6381e-05,2.6715,0.85284,2.7646
sketch out,sketch out,VB RP,2,3.2594e-07,0.00038172,7.8406,1.3973,6.3882
sleep on,sleep on,NN IN,4,6.5189e-07,0.00026263,2.6327,1.1121,1.1716
sleep on,sleep on,VB IN,29,5.3781e-06,0.0021308,35.695,4.9974,2.9427
sleep on,sleep on,VBP IN,2,8.1486e-07,0.0003311,7.8749,2.0101,3.3069
so far,so far,IN RB,1,3.2594e-07,0.00055858,1.7373,0.017687,0.018157
so far,so far,RB RB,345,6.2092e-05,0.03009,906.72,19.002,5.2382
so far,so far,VBP RB,1,1.6297e-07,0.0007286,7.2329,0.99911,10.127
so much,so much,RB JJ,1204,0.00020013,0.091162,3767.5,34.585,6.258
so much,so much,RB RB,335,5.6225e-05,0.027157,780.51,18.014,5.0514
so that,so that,CC DT,1,1.6297e-07,0.00011237,1.7374,0.024277,0.035457
so that,so that,CC IN,85,1.3853e-05,0.0043277,210.0,8.9835,5.2873
so that,so that,IN DT,151,2.6075e-05,0.01463,229.95,11.656,3.6703
so that,so that,IN IN,776,0.00012647,0.035796,1655.4,26.85,4.7907
so that,so that,IN RB,2,4.8892e-07,0.0013283,8.9771,1.6909,5.3953
so that,so that,NN IN,4,6.5189e-07,0.00020542,17.15,1.9841,6.978
so that,so that,RB DT,1,2.2816e-06,0.00069937,26.957,-13.426,-2.1979
so that,so that,RB IN,448,7.5945e-05,0.01515,201.96,14.949,1.7013
so that,so that,RB RB,2,4.8892e-07,0.00026455,4.9726,1.5217,3.0417
so what,so what,IN WP,14,2.4446e-06,0.0014983,2.2341,0.97193,0.41687
so what,so what,RB WP,5,1.6297e-06,0.00052375,27.856,-14.998,-2.5217
sort of,sort of,JJ IN,1,1.6297e-07,1.8849e-05,5.2615,0.98271,5.8538
sort of,sort of,NN IN,787,0.00012858,0.014725,2266.8,27.437,5.4291
sort of,sort of,RB IN,2,3.2594e-07,3.7698e-05,8.7858,1.3898,5.8538
sort of,sort of,VB IN,1,1.6297e-07,1.8848e-05,2.9891,0.89625,3.2688
sort of,sort of,VBP IN,2,3.2594e-07,3.7698e-05,7.1424,1.3775,5.2688
speak for,speak for,VBG IN,7,1.1408e-06,0.00031947,6.103,2.0442,2.1369
speak to,speak to,JJ TO,1,1.6297e-07,1.491e-05,1.8563,0.43174,0.81538
speak to,speak to,NN TO,9,3.2594e-06,0.00029801,24.124,3.9199,3.0176
speak to,speak to,VB TO,197,3.2105e-05,0.0029162,241.14,12.485,3.1779
speak to,speak to,VBD TO,133,2.1675e-05,0.0019663,103.3,9.3114,2.3763
speak to,speak to,VBN TO,3,1.206e-05,0.0011009,100.46,7.7715,3.3721
speak to,speak to,VBP TO,11,1.7927e-06,0.0001639,8.2979,2.5127,2.0445
speaking for,speaking for,NN IN,2,3.2594e-07,9.1477e-05,2.163,0.77111,1.1369
spoke to,spoke to,NN TO,7,1.1408e-06,0.00010433,5.7665,1.9849,2.0012
stand back,stand back,VBD RB,5,8.1486e-07,0.0013045,3.2346,1.3816,1.3879
start off,start off,VB RP,10,1.6297e-06,0.0052687,31.878,3.1247,6.3945
start off,start off,VBP IN,1,1.6297e-07,0.001497,5.197,0.99299,7.1569
stay in,stay in,NN IN,8,1.4667e-06,0.00025833,11.524,2.6296,3.0177
stay in,stay in,VB IN,71,1.1571e-05,0.002009,59.469,6.9431,2.5063
stay in,stay in,VBP IN,4,8.1486e-07,0.00014359,6.7226,1.9267,2.8537
step back,step back,VB RB,2,3.2594e-07,0.00071061,6.0035,1.3675,4.9192
stir in,stir in,VBD IN,4,6.5189e-07,0.00011483,3.999,1.5011,2.0031
stir in,stir in,VBN IN,6,9.7783e-07,0.00017233,9.385,2.2088,3.347
stone wall,stone wall,NN NN,96,1.5645e-05,0.12387,505.31,9.7881,9.9639
succeed in,succeed in,VB IN,26,4.2373e-06,0.0007462,52.403,4.8633,4.435
such a,such a,JJ DT,1372,0.00024169,0.025573,2834.8,36.512,4.2684
such a,such a,PDT DT,1290,0.00021333,0.023126,4167.1,35.451,5.6333
such a,such a,VB DT,22,3.5854e-06,0.00039363,72.334,4.5972,5.6533
sweep out,sweep out,VB RP,3,4.8892e-07,0.00056996,8.0006,1.671,4.8264
sweep out,sweep out,VBD RP,5,8.1486e-07,0.00094384,11.197,2.1369,4.4951
sweep out,sweep out,VBN IN,1,1.6297e-07,0.00032062,3.2404,0.92964,3.829
swell up,swell up,VB RP,6,9.7783e-07,0.0008862,22.455,2.4297,6.9517
take advantage of,take advantage of,VBD NN IN,10,1.6297e-06,0.00027168,0.0,3.1618,12.692
take away from,take away from,VB RP IN,2,3.2594e-07,0.00030146,0.0,1.4133,10.537
take for,take for,VB IN,18,2.9335e-06,0.00075055,4.5564,-3.0694,-0.7853
take for,take for,VBP IN,1,1.6297e-07,4.5546e-05,2.1082,-1.224,-1.1532
take heart,take heart,VBD NN,20,3.2594e-06,0.0052083,23.461,3.9392,3.0691
take it away,take it away,VB PRP RB,14,2.4446e-06,0.00055385,0.0,3.8591,8.1244
take it away,take it away,VBP PRP RB,1,1.6297e-07,3.8862e-05,0.0,0.99615,8.0196
take it,take it,VB PRP,290,5.2314e-05,0.0085997,292.74,15.125,2.6822
take it,take it,VBP PRP,38,6.1929e-06,0.0010765,51.499,5.5828,3.4058
take out of,take out of,VBD IN IN,2,3.2594e-07,5.1519e-05,0.0,1.3627,4.7793
take out of,take out of,VBD RB IN,2,3.2594e-07,5.4098e-05,0.0,1.4091,8.1055
take out of,take out of,VBD RP IN,2,3.2594e-07,4.9686e-05,0.0,1.3268,4.0166
take out,take out,VB IN,4,6.5189e-07,0.00075945,1.7526,-0.19437,-0.13381
take out,take out,VB NN,1,1.6297e-07,0.0004528,3.7886,0.96371,4.7844
take out,take out,VB RP,21,3.5854e-06,0.0029668,9.8273,3.1029,1.5629
take out,take out,VBD IN,2,3.2594e-07,0.00038617,2.3654,-1.564,-1.0744
take out,take out,VBD RB,2,3.2594e-07,0.00083247,3.0781,1.1173,2.2517
take out,take out,VBD RP,106,1.7275e-05,0.014466,165.61,9.6015,3.8908
take out,take out,VBP RP,1,1.6297e-07,0.00018556,1.8778,0.46618,0.90557
take over,take over,VB RP,4,6.5189e-07,0.0015023,5.006,1.6588,2.5514
take over,take over,VBN IN,1,1.6297e-07,0.00019867,1.9434,-0.85497,-0.8914
take over,take over,VBN RP,1,1.6297e-07,0.00088613,2.4309,0.79714,2.3014
take seriously,take seriously,VBN RB,3,4.8892e-07,0.0042254,11.581,1.7172,6.861
take up,take up,VB RP,54,9.7783e-06,0.0067095,53.714,6.5041,2.641
take up,take up,VBG RP,46,7.4967e-06,0.0063734,89.45,6.4848,4.5105
take up,take up,VBP RP,4,6.5189e-07,0.00057837,4.9851,1.6552,2.5362
talk to,talk to,NN TO,12,2.2816e-06,0.00020802,2.1293,0.8619,0.37773
talk to,talk to,VB TO,186,3.0313e-05,0.0027559,239.73,12.238,3.2835
talk to,talk to,VBD TO,92,1.4993e-05,0.0013666,103.22,8.384,2.9895
talk to,talk to,VBN TO,28,4.5632e-06,0.00041716,37.472,4.7463,3.2788
talk to,talk to,VBP TO,4,6.5189e-07,5.9605e-05,2.1567,0.81977,0.76093
thank to,thank to,VB TO,1,1.6297e-07,1.4873e-05,5.969,-6.8682,-2.976
thanks to,thanks to,NNS TO,84,1.6297e-05,0.001488,172.16,9.3465,3.9357
the idea,the idea,DT NN,246,4.8403e-05,0.0021794,329.45,14.883,2.8742
think of,think of,NN IN,62,1.6949e-05,0.0019578,303.11,9.9657,5.4562
think of,think of,VB IN,814,0.00013299,0.014859,1222.7,26.31,3.6624
think of,think of,VBD IN,355,5.7855e-05,0.0064042,222.87,14.472,2.1084
think of,think of,VBG IN,217,3.5365e-05,0.0040527,327.39,13.576,3.6728
think of,think of,VBN IN,225,3.6832e-05,0.0042249,372.87,14.021,3.8926
think of,think of,VBP IN,126,2.0534e-05,0.0023223,50.961,7.5139,1.5968
thinking of,thinking of,NN IN,131,2.1512e-05,0.0024823,319.91,11.116,4.944
this be it,this be it,DT VBZ PRP,3,6.5189e-07,0.0001036,0.0,1.5491,2.1492
thought of,thought of,CD IN,1,1.6297e-07,1.8849e-05,5.2615,0.98271,5.8538
thought of,thought of,NN IN,380,6.2092e-05,0.0071137,771.64,18.621,4.4416
time of day,time of day,NN IN NN,19,3.0965e-06,0.00046667,0.0,4.3187,6.7593
tire of,tire of,VBD IN,21,3.4224e-06,0.00039545,31.384,4.1864,3.5318
tire of,tire of,VBN IN,264,4.3025e-05,0.0049495,593.66,15.638,4.7358
tired of,tired of,CD IN,5,8.1486e-07,9.4241e-05,15.752,2.1819,5.3683
tired of,tired of,JJ IN,92,1.4993e-05,0.0017244,110.41,8.51,3.1485
tired of,tired of,NNS IN,1,1.6297e-07,1.8849e-05,5.2615,0.98271,5.8538
to be sure,to be sure,TO VB JJ,207,5.5899e-05,0.0062908,0.0,18.506,10.358
to bed,to bed,TO DT,4,6.5189e-07,5.9651e-05,15.021,1.9563,5.5158
to bed,to bed,TO NN,326,5.3292e-05,0.0048171,398.76,16.082,3.1755
to bed,to bed,TO NNS,7,1.1408e-06,0.00010426,2.7989,1.2579,0.93085
to bed,to bed,TO RB,3,4.8892e-07,4.4738e-05,11.7,1.6942,5.5158
to bed,to bed,TO VB,229,3.7646e-05,0.003439,769.02,14.866,5.5158
to bed,to bed,TO VBN,7,1.1408e-06,0.00010438,19.735,2.5631,5.0012
to do,to do,TO VB,3135,0.0005132,0.044247,5831.5,52.912,4.1305
to it,to it,TO PRP,790,0.00012907,0.0077496,197.74,-26.445,-0.95582
to light,to light,TO JJ,3,4.8892e-07,4.4598e-05,4.2828,-3.6183,-1.6271
to light,to light,TO NN,4,6.5189e-07,5.917e-05,12.98,-9.9553,-2.5796
to light,to light,TO VB,32,5.2151e-06,0.00047701,73.857,5.4328,4.6578
to my mind,to my mind,TO PRP$ NN,15,0.0,0.0,0.0,0.0,0.0
to order,to order,TO NN,27,4.4002e-06,0.00040058,5.0587,2.2728,0.82984
to piece,to piece,TO VB,1,8.1486e-07,7.4563e-05,18.342,2.1872,5.5158
to rest,to rest,TO VB,245,3.9928e-05,0.0036421,566.0,15.056,4.7144
to the eye,to the eye,TO DT NN,11,1.9557e-06,8.8498e-05,0.0,3.1725,3.5704
tomorrow even,tomorrow even,NN VBG,2,3.2594e-07,0.0058824,8.1947,1.4014,6.7838
tomorrow evening,tomorrow evening,NN NN,1,1.6297e-07,0.0011737,3.3129,0.93596,3.9648
travel in,travel in,NN IN,3,4.8892e-07,8.6185e-05,4.6403,1.4833,2.7995
travel in,travel in,VB IN,8,1.3038e-06,0.00022956,8.4944,2.3513,2.5677
turn to,turn to,NN TO,75,1.2223e-05,0.0011142,73.362,7.3555,2.7306
turn to,turn to,VB TO,24,3.9113e-06,0.00035624,4.4788,2.0794,0.797
turn to,turn to,VBP TO,9,1.4667e-06,0.00013414,8.9888,2.4536,2.4569
up against,up against,RB IN,1,1.6297e-07,0.00038395,1.7374,0.020842,0.030387
up against,up against,RP IN,52,8.4745e-06,0.0068228,78.723,6.6844,3.7751
up to,up to,IN TO,151,2.4935e-05,0.0022659,162.56,10.712,2.8998
up to,up to,JJ TO,1,1.6297e-07,1.4913e-05,3.1619,0.91258,3.5158
up to,up to,NN TO,8,1.3038e-06,0.00011925,8.8379,2.3648,2.6089
up to,up to,RB TO,792,0.00013038,0.011628,1080.9,25.591,3.3927
up to,up to,RP TO,683,0.00011131,0.0092529,167.71,14.828,1.2089
very well,very well,RB RB,415,9.1264e-05,0.051221,1231.1,22.907,4.9659
wait for,wait for,NN IN,30,7.8226e-06,0.0021936,122.32,6.759,5.3555
wait for,wait for,VB IN,121,1.972e-05,0.0054636,246.41,10.552,4.6169
wait for,wait for,VBP IN,8,1.3038e-06,0.00036619,12.88,2.5923,3.5823
wake up,wake up,VB RB,1,1.6297e-07,0.00054437,2.9022,0.89266,3.2197
wake up,wake up,VB RP,60,1.206e-05,0.010797,285.46,8.5539,7.4734
wake up,wake up,VBP RB,3,4.8892e-07,0.0016983,11.487,1.7163,6.7819
wake up,wake up,VBP RP,20,3.2594e-06,0.0029483,79.764,4.4485,7.5631
wander off,wander off,VB RP,1,1.6297e-07,0.00054675,3.747,0.96194,4.7155
watch over,watch over,NN IN,18,2.9335e-06,0.0039665,45.015,4.1392,5.3585
watch over,watch over,VB IN,18,2.9335e-06,0.0038806,37.203,4.0715,4.6319
watch over,watch over,VB RP,1,1.6297e-07,0.0013633,3.1391,0.9206,3.6548
watch over,watch over,VBP IN,1,1.6297e-07,0.0002273,3.6549,0.95713,4.5438
water can,water can,NN MD,3,4.8892e-07,0.00055965,1.7688,-0.28397,-0.21903
with it,with it,IN PRP,490,7.9856e-05,0.0089317,3.1337,1.7295,0.11737
work out,work out,NN IN,4,6.5189e-07,0.0010195,2.7286,1.1561,1.2449
work out,work out,NN RB,1,1.6297e-07,0.00087184,2.5633,0.83172,2.571
work out,work out,NN RP,3,4.8892e-07,0.00049407,1.74,0.078788,0.067165
work out,work out,VB RB,1,1.6297e-07,0.0015432,3.2608,0.93174,3.8729
work out,work out,VB RP,10,1.6297e-06,0.0017944,12.813,2.795,3.106
write about,write about,VB IN,16,2.7705e-06,0.0032978,33.381,3.9336,4.4438
write about,write about,VB RB,1,1.6297e-07,0.0013957,3.1831,0.92484,3.734
write about,write about,VBP IN,2,3.2594e-07,0.00040543,5.9118,1.3644,4.8276
you know,you know,PRP VB,382,6.2581e-05,0.012957,450.22,17.421,3.1712
you know,you know,PRP VBP,1301,0.00028406,0.059481,4750.7,40.87,5.569
